final_rank,reduced_formula,superconductor_ranking,best_rbt_score,best_tc_estimate,best_tau_valence,best_kappa_curvature,best_phase_locking,best_prototype,structure_quality,n_elements
1,MgFe,1.6927,0.7000,44.1000,0.0000,0.0000,0.0000,rocksalt,1.0000,2
2,MgFe2,1.6927,0.7000,44.1000,0.0000,0.0000,0.0000,rocksalt,1.0000,2
3,MgFe3,1.6927,0.7000,44.1000,0.0000,0.0000,0.0000,rocksalt,1.0000,2
4,MgFe4,1.6927,0.7000,44.1000,0.0000,0.0000,0.0000,rocksalt,1.0000,2
5,MgFe5,1.6927,0.7000,44.1000,0.0000,0.0000,0.0000,rocksalt,1.0000,2
6,Mg2Fe,1.6927,0.7000,44.1000,0.0000,0.0000,0.0000,rocksalt,1.0000,2
7,Mg2Fe3,1.6927,0.7000,44.1000,0.0000,0.0000,0.0000,rocksalt,1.0000,2
8,Mg2Fe5,1.6927,0.7000,44.1000,0.0000,0.0000,0.0000,rocksalt,1.0000,2
9,Mg3Fe,1.6927,0.7000,44.1000,0.0000,0.0000,0.0000,rocksalt,1.0000,2
10,Mg3Fe2,1.6927,0.7000,44.1000,0.0000,0.0000,0.0000,rocksalt,1.0000,2
11,Mg3Fe4,1.6927,0.7000,44.1000,0.0000,0.0000,0.0000,rocksalt,1.0000,2
12,Mg3Fe5,1.6927,0.7000,44.1000,0.0000,0.0000,0.0000,rocksalt,1.0000,2
13,Mg4Fe,1.6927,0.7000,44.1000,0.0000,0.0000,0.0000,rocksalt,1.0000,2
14,Mg4Fe3,1.6927,0.7000,44.1000,0.0000,0.0000,0.0000,rocksalt,1.0000,2
15,Mg5Fe,1.6927,0.7000,44.1000,0.0000,0.0000,0.0000,rocksalt,1.0000,2
16,Mg5Fe2,1.6927,0.7000,44.1000,0.0000,0.0000,0.0000,rocksalt,1.0000,2
17,Mg5Fe3,1.6927,0.7000,44.1000,0.0000,0.0000,0.0000,rocksalt,1.0000,2
18,CaFe,1.6927,0.7000,44.1000,0.0000,0.0000,0.0000,rocksalt,1.0000,2
19,CaFe2,1.6927,0.7000,44.1000,0.0000,0.0000,0.0000,rocksalt,1.0000,2
20,CaFe3,1.6927,0.7000,44.1000,0.0000,0.0000,0.0000,rocksalt,1.0000,2
21,CaFe4,1.6927,0.7000,44.1000,0.0000,0.0000,0.0000,rocksalt,1.0000,2
22,CaFe5,1.6927,0.7000,44.1000,0.0000,0.0000,0.0000,rocksalt,1.0000,2
23,Ca2Fe,1.6927,0.7000,44.1000,0.0000,0.0000,0.0000,rocksalt,1.0000,2
24,Ca2Fe3,1.6927,0.7000,44.1000,0.0000,0.0000,0.0000,rocksalt,1.0000,2
25,Ca2Fe5,1.6927,0.7000,44.1000,0.0000,0.0000,0.0000,rocksalt,1.0000,2
26,Ca3Fe,1.6927,0.7000,44.1000,0.0000,0.0000,0.0000,rocksalt,1.0000,2
27,Ca3Fe2,1.6927,0.7000,44.1000,0.0000,0.0000,0.0000,rocksalt,1.0000,2
28,Ca3Fe4,1.6927,0.7000,44.1000,0.0000,0.0000,0.0000,rocksalt,1.0000,2
29,Ca3Fe5,1.6927,0.7000,44.1000,0.0000,0.0000,0.0000,rocksalt,1.0000,2
30,Ca4Fe,1.6927,0.7000,44.1000,0.0000,0.0000,0.0000,rocksalt,1.0000,2
31,Ca4Fe3,1.6927,0.7000,44.1000,0.0000,0.0000,0.0000,rocksalt,1.0000,2
32,Ca5Fe,1.6927,0.7000,44.1000,0.0000,0.0000,0.0000,rocksalt,1.0000,2
33,Ca5Fe2,1.6927,0.7000,44.1000,0.0000,0.0000,0.0000,rocksalt,1.0000,2
34,Ca5Fe3,1.6927,0.7000,44.1000,0.0000,0.0000,0.0000,rocksalt,1.0000,2
35,CaMgFe,1.6927,0.7000,44.1000,0.0000,0.0000,0.0000,perovskite,1.0000,3
36,CaMgFe2,1.6927,0.7000,44.1000,0.0000,0.0000,0.0000,perovskite,1.0000,3
37,CaMgFe3,1.6927,0.7000,44.1000,0.0000,0.0000,0.0000,perovskite,1.0000,3
38,Ca2MgFe,1.6927,0.7000,44.1000,0.0000,0.0000,0.0000,perovskite,1.0000,3
39,Ca2MgFe2,1.6927,0.7000,44.1000,0.0000,0.0000,0.0000,perovskite,1.0000,3
40,Ca2MgFe3,1.6927,0.7000,44.1000,0.0000,0.0000,0.0000,perovskite,1.0000,3
41,Ca3MgFe,1.6927,0.7000,44.1000,0.0000,0.0000,0.0000,perovskite,1.0000,3
42,Ca3MgFe2,1.6927,0.7000,44.1000,0.0000,0.0000,0.0000,perovskite,1.0000,3
43,Ca3MgFe3,1.6927,0.7000,44.1000,0.0000,0.0000,0.0000,perovskite,1.0000,3
44,CaMg2Fe,1.6927,0.7000,44.1000,0.0000,0.0000,0.0000,perovskite,1.0000,3
45,Ca(MgFe)2,1.6927,0.7000,44.1000,0.0000,0.0000,0.0000,perovskite,1.0000,3
46,CaMg2Fe3,1.6927,0.7000,44.1000,0.0000,0.0000,0.0000,perovskite,1.0000,3
47,Ca2Mg2Fe,1.6927,0.7000,44.1000,0.0000,0.0000,0.0000,perovskite,1.0000,3
48,Ca2Mg2Fe3,1.6927,0.7000,44.1000,0.0000,0.0000,0.0000,perovskite,1.0000,3
49,Ca3Mg2Fe,1.6927,0.7000,44.1000,0.0000,0.0000,0.0000,perovskite,1.0000,3
50,Ca3(MgFe)2,1.6927,0.7000,44.1000,0.0000,0.0000,0.0000,perovskite,1.0000,3
51,Ca3Mg2Fe3,1.6927,0.7000,44.1000,0.0000,0.0000,0.0000,perovskite,1.0000,3
52,CaMg3Fe,1.6927,0.7000,44.1000,0.0000,0.0000,0.0000,perovskite,1.0000,3
53,CaMg3Fe2,1.6927,0.7000,44.1000,0.0000,0.0000,0.0000,perovskite,1.0000,3
54,Ca(MgFe)3,1.6927,0.7000,44.1000,0.0000,0.0000,0.0000,perovskite,1.0000,3
55,Ca2Mg3Fe,1.6927,0.7000,44.1000,0.0000,0.0000,0.0000,perovskite,1.0000,3
56,Ca2Mg3Fe2,1.6927,0.7000,44.1000,0.0000,0.0000,0.0000,perovskite,1.0000,3
57,Ca2(MgFe)3,1.6927,0.7000,44.1000,0.0000,0.0000,0.0000,perovskite,1.0000,3
58,Ca3Mg3Fe,1.6927,0.7000,44.1000,0.0000,0.0000,0.0000,perovskite,1.0000,3
59,Ca3Mg3Fe2,1.6927,0.7000,44.1000,0.0000,0.0000,0.0000,perovskite,1.0000,3
60,Ca3Mg3B,1.6395,0.6610,39.3184,0.1429,0.0000,0.0474,perovskite,1.0000,3
61,Mg3Fe3B,1.6395,0.6610,39.3184,0.1429,0.0000,0.0474,perovskite,1.0000,3
62,Ca3Fe3B,1.6395,0.6610,39.3184,0.1429,0.0000,0.0474,perovskite,1.0000,3
63,Ca2Mg3B,1.6303,0.6543,38.5336,0.1667,0.0000,0.0525,perovskite,1.0000,3
64,Mg2Fe3B,1.6303,0.6543,38.5336,0.1667,0.0000,0.0525,perovskite,1.0000,3
65,Mg3Fe2B,1.6303,0.6543,38.5336,0.1667,0.0000,0.0525,perovskite,1.0000,3
66,Ca2Fe3B,1.6303,0.6543,38.5336,0.1667,0.0000,0.0525,perovskite,1.0000,3
67,Ca3Fe2B,1.6303,0.6543,38.5336,0.1667,0.0000,0.0525,perovskite,1.0000,3
68,Li(CaMg)3,1.6197,0.6468,37.6458,0.1429,0.0000,0.0000,perovskite,1.0000,3
69,Li(MgFe)3,1.6197,0.6468,37.6458,0.1429,0.0000,0.0000,perovskite,1.0000,3
70,Li(CaFe)3,1.6197,0.6468,37.6458,0.1429,0.0000,0.0000,perovskite,1.0000,3
71,Ca3Mg3Al,1.6197,0.6468,37.6458,0.1429,0.0000,0.0000,perovskite,1.0000,3
72,Mg3AlFe3,1.6197,0.6468,37.6458,0.1429,0.0000,0.0000,perovskite,1.0000,3
73,Ca3AlFe3,1.6197,0.6468,37.6458,0.1429,0.0000,0.0000,perovskite,1.0000,3
74,Ca3MgB,1.6173,0.6450,37.4457,0.2000,0.0000,0.0585,perovskite,1.0000,3
75,Ca2Mg2B,1.6173,0.6450,37.4457,0.2000,0.0000,0.0585,perovskite,1.0000,3
76,CaMg3B,1.6173,0.6450,37.4457,0.2000,0.0000,0.0585,perovskite,1.0000,3
77,MgFe3B,1.6173,0.6450,37.4457,0.2000,0.0000,0.0585,perovskite,1.0000,3
78,Mg2Fe2B,1.6173,0.6450,37.4457,0.2000,0.0000,0.0585,perovskite,1.0000,3
79,Mg3FeB,1.6173,0.6450,37.4457,0.2000,0.0000,0.0585,perovskite,1.0000,3
80,CaFe3B,1.6173,0.6450,37.4457,0.2000,0.0000,0.0585,perovskite,1.0000,3
81,Ca2Fe2B,1.6173,0.6450,37.4457,0.2000,0.0000,0.0585,perovskite,1.0000,3
82,Ca3FeB,1.6173,0.6450,37.4457,0.2000,0.0000,0.0585,perovskite,1.0000,3
83,CaMg,1.6127,0.7000,44.1000,0.0000,0.0000,0.0000,rocksalt,0.6000,2
84,Ca2Mg,1.6127,0.7000,44.1000,0.0000,0.0000,0.0000,rocksalt,0.6000,2
85,Ca3Mg,1.6127,0.7000,44.1000,0.0000,0.0000,0.0000,rocksalt,0.6000,2
86,Ca4Mg,1.6127,0.7000,44.1000,0.0000,0.0000,0.0000,rocksalt,0.6000,2
87,Ca5Mg,1.6127,0.7000,44.1000,0.0000,0.0000,0.0000,rocksalt,0.6000,2
88,CaMg2,1.6127,0.7000,44.1000,0.0000,0.0000,0.0000,rocksalt,0.6000,2
89,Ca3Mg2,1.6127,0.7000,44.1000,0.0000,0.0000,0.0000,rocksalt,0.6000,2
90,Ca5Mg2,1.6127,0.7000,44.1000,0.0000,0.0000,0.0000,rocksalt,0.6000,2
91,CaMg3,1.6127,0.7000,44.1000,0.0000,0.0000,0.0000,rocksalt,0.6000,2
92,Ca2Mg3,1.6127,0.7000,44.1000,0.0000,0.0000,0.0000,rocksalt,0.6000,2
93,Ca4Mg3,1.6127,0.7000,44.1000,0.0000,0.0000,0.0000,rocksalt,0.6000,2
94,Ca5Mg3,1.6127,0.7000,44.1000,0.0000,0.0000,0.0000,rocksalt,0.6000,2
95,CaMg4,1.6127,0.7000,44.1000,0.0000,0.0000,0.0000,rocksalt,0.6000,2
96,Ca3Mg4,1.6127,0.7000,44.1000,0.0000,0.0000,0.0000,rocksalt,0.6000,2
97,CaMg5,1.6127,0.7000,44.1000,0.0000,0.0000,0.0000,rocksalt,0.6000,2
98,Ca2Mg5,1.6127,0.7000,44.1000,0.0000,0.0000,0.0000,rocksalt,0.6000,2
99,Ca3Mg5,1.6127,0.7000,44.1000,0.0000,0.0000,0.0000,rocksalt,0.6000,2
100,AlFe5,1.6082,0.6386,36.7021,0.1667,0.0000,0.0000,rocksalt,1.0000,2
101,LiCa3Mg2,1.6082,0.6386,36.7021,0.1667,0.0000,0.0000,perovskite,1.0000,3
102,LiCa2Mg3,1.6082,0.6386,36.7021,0.1667,0.0000,0.0000,perovskite,1.0000,3
103,LiMg2Fe3,1.6082,0.6386,36.7021,0.1667,0.0000,0.0000,perovskite,1.0000,3
104,LiMg3Fe2,1.6082,0.6386,36.7021,0.1667,0.0000,0.0000,perovskite,1.0000,3
105,LiCa2Fe3,1.6082,0.6386,36.7021,0.1667,0.0000,0.0000,perovskite,1.0000,3
106,LiCa3Fe2,1.6082,0.6386,36.7021,0.1667,0.0000,0.0000,perovskite,1.0000,3
107,Ca3Mg2Al,1.6082,0.6386,36.7021,0.1667,0.0000,0.0000,perovskite,1.0000,3
108,Ca2Mg3Al,1.6082,0.6386,36.7021,0.1667,0.0000,0.0000,perovskite,1.0000,3
109,Mg2AlFe3,1.6082,0.6386,36.7021,0.1667,0.0000,0.0000,perovskite,1.0000,3
110,Mg3AlFe2,1.6082,0.6386,36.7021,0.1667,0.0000,0.0000,perovskite,1.0000,3
111,Ca2AlFe3,1.6082,0.6386,36.7021,0.1667,0.0000,0.0000,perovskite,1.0000,3
112,Ca3AlFe2,1.6082,0.6386,36.7021,0.1667,0.0000,0.0000,perovskite,1.0000,3
113,Ca2MgB,1.5975,0.6311,35.8424,0.2500,0.0000,0.0652,perovskite,1.0000,3
114,CaMg2B,1.5975,0.6311,35.8424,0.2500,0.0000,0.0652,perovskite,1.0000,3
115,Ca3Mg3B2,1.5975,0.6311,35.8424,0.2500,0.0000,0.0652,perovskite,1.0000,3
116,MgFe2B,1.5975,0.6311,35.8424,0.2500,0.0000,0.0652,perovskite,1.0000,3
117,Mg2FeB,1.5975,0.6311,35.8424,0.2500,0.0000,0.0652,perovskite,1.0000,3
118,Mg3Fe3B2,1.5975,0.6311,35.8424,0.2500,0.0000,0.0652,perovskite,1.0000,3
119,CaFe2B,1.5975,0.6311,35.8424,0.2500,0.0000,0.0652,perovskite,1.0000,3
120,Ca2FeB,1.5975,0.6311,35.8424,0.2500,0.0000,0.0652,perovskite,1.0000,3
121,Ca3Fe3B2,1.5975,0.6311,35.8424,0.2500,0.0000,0.0652,perovskite,1.0000,3
122,AlFe4,1.5924,0.6275,35.4372,0.2000,0.0000,0.0000,rocksalt,1.0000,2
123,LiCa3Mg,1.5924,0.6275,35.4372,0.2000,0.0000,0.0000,perovskite,1.0000,3
124,Li(CaMg)2,1.5924,0.6275,35.4372,0.2000,0.0000,0.0000,perovskite,1.0000,3
125,LiCaMg3,1.5924,0.6275,35.4372,0.2000,0.0000,0.0000,perovskite,1.0000,3
126,LiMgFe3,1.5924,0.6275,35.4372,0.2000,0.0000,0.0000,perovskite,1.0000,3
127,Li(MgFe)2,1.5924,0.6275,35.4372,0.2000,0.0000,0.0000,perovskite,1.0000,3
128,LiMg3Fe,1.5924,0.6275,35.4372,0.2000,0.0000,0.0000,perovskite,1.0000,3
129,LiCaFe3,1.5924,0.6275,35.4372,0.2000,0.0000,0.0000,perovskite,1.0000,3
130,Li(CaFe)2,1.5924,0.6275,35.4372,0.2000,0.0000,0.0000,perovskite,1.0000,3
131,LiCa3Fe,1.5924,0.6275,35.4372,0.2000,0.0000,0.0000,perovskite,1.0000,3
132,Ca3MgAl,1.5924,0.6275,35.4372,0.2000,0.0000,0.0000,perovskite,1.0000,3
133,Ca2Mg2Al,1.5924,0.6275,35.4372,0.2000,0.0000,0.0000,perovskite,1.0000,3
134,CaMg3Al,1.5924,0.6275,35.4372,0.2000,0.0000,0.0000,perovskite,1.0000,3
135,MgAlFe3,1.5924,0.6275,35.4372,0.2000,0.0000,0.0000,perovskite,1.0000,3
136,Mg2AlFe2,1.5924,0.6275,35.4372,0.2000,0.0000,0.0000,perovskite,1.0000,3
137,Mg3AlFe,1.5924,0.6275,35.4372,0.2000,0.0000,0.0000,perovskite,1.0000,3
138,CaAlFe3,1.5924,0.6275,35.4372,0.2000,0.0000,0.0000,perovskite,1.0000,3
139,Ca2AlFe2,1.5924,0.6275,35.4372,0.2000,0.0000,0.0000,perovskite,1.0000,3
140,Ca3AlFe,1.5924,0.6275,35.4372,0.2000,0.0000,0.0000,perovskite,1.0000,3
141,CaMgFeB,1.5872,0.6238,35.0251,0.2500,0.0000,0.0410,quaternary_heusler,1.0000,4
142,Ca3(MgB)2,1.5833,0.6211,34.7214,0.2857,0.0000,0.0684,perovskite,1.0000,3
143,Ca2Mg3B2,1.5833,0.6211,34.7214,0.2857,0.0000,0.0684,perovskite,1.0000,3
144,Mg2Fe3B2,1.5833,0.6211,34.7214,0.2857,0.0000,0.0684,perovskite,1.0000,3
145,Mg3(FeB)2,1.5833,0.6211,34.7214,0.2857,0.0000,0.0684,perovskite,1.0000,3
146,Ca2Fe3B2,1.5833,0.6211,34.7214,0.2857,0.0000,0.0684,perovskite,1.0000,3
147,Ca3(FeB)2,1.5833,0.6211,34.7214,0.2857,0.0000,0.0684,perovskite,1.0000,3
148,AlFe3,1.5694,0.6115,33.6561,0.2500,0.0000,0.0000,rocksalt,1.0000,2
149,LiCa2Mg,1.5694,0.6115,33.6561,0.2500,0.0000,0.0000,perovskite,1.0000,3
150,LiCaMg2,1.5694,0.6115,33.6561,0.2500,0.0000,0.0000,perovskite,1.0000,3
151,Li2(CaMg)3,1.5694,0.6115,33.6561,0.2500,0.0000,0.0000,perovskite,1.0000,3
152,LiMgFe2,1.5694,0.6115,33.6561,0.2500,0.0000,0.0000,perovskite,1.0000,3
153,LiMg2Fe,1.5694,0.6115,33.6561,0.2500,0.0000,0.0000,perovskite,1.0000,3
154,Li2(MgFe)3,1.5694,0.6115,33.6561,0.2500,0.0000,0.0000,perovskite,1.0000,3
155,LiCaFe2,1.5694,0.6115,33.6561,0.2500,0.0000,0.0000,perovskite,1.0000,3
156,LiCa2Fe,1.5694,0.6115,33.6561,0.2500,0.0000,0.0000,perovskite,1.0000,3
157,Li2(CaFe)3,1.5694,0.6115,33.6561,0.2500,0.0000,0.0000,perovskite,1.0000,3
158,Ca2MgAl,1.5694,0.6115,33.6561,0.2500,0.0000,0.0000,perovskite,1.0000,3
159,CaMg2Al,1.5694,0.6115,33.6561,0.2500,0.0000,0.0000,perovskite,1.0000,3
160,Ca3Mg3Al2,1.5694,0.6115,33.6561,0.2500,0.0000,0.0000,perovskite,1.0000,3
161,MgAlFe2,1.5694,0.6115,33.6561,0.2500,0.0000,0.0000,perovskite,1.0000,3
162,Mg2AlFe,1.5694,0.6115,33.6561,0.2500,0.0000,0.0000,perovskite,1.0000,3
163,Mg3Al2Fe3,1.5694,0.6115,33.6561,0.2500,0.0000,0.0000,perovskite,1.0000,3
164,CaAlFe2,1.5694,0.6115,33.6561,0.2500,0.0000,0.0000,perovskite,1.0000,3
165,Ca2AlFe,1.5694,0.6115,33.6561,0.2500,0.0000,0.0000,perovskite,1.0000,3
166,Ca3Al2Fe3,1.5694,0.6115,33.6561,0.2500,0.0000,0.0000,perovskite,1.0000,3
167,CaMgAlFe,1.5694,0.6115,33.6561,0.2500,0.0000,0.0000,quaternary_heusler,1.0000,4
168,CaMgB,1.5642,0.6079,33.2621,0.3333,0.0000,0.0711,perovskite,1.0000,3
169,CaMg3B2,1.5642,0.6079,33.2621,0.3333,0.0000,0.0711,perovskite,1.0000,3
170,MgFeB,1.5642,0.6079,33.2621,0.3333,0.0000,0.0711,perovskite,1.0000,3
171,MgFe3B2,1.5642,0.6079,33.2621,0.3333,0.0000,0.0711,perovskite,1.0000,3
172,Mg3FeB2,1.5642,0.6079,33.2621,0.3333,0.0000,0.0711,perovskite,1.0000,3
173,CaFeB,1.5642,0.6079,33.2621,0.3333,0.0000,0.0711,perovskite,1.0000,3
174,CaFe3B2,1.5642,0.6079,33.2621,0.3333,0.0000,0.0711,perovskite,1.0000,3
175,Ca3FeB2,1.5642,0.6079,33.2621,0.3333,0.0000,0.0711,perovskite,1.0000,3
176,Al2Fe5,1.5534,0.6006,32.4639,0.2857,0.0000,0.0000,rocksalt,1.0000,2
177,Li2Ca3Mg2,1.5534,0.6006,32.4639,0.2857,0.0000,0.0000,perovskite,1.0000,3
178,Li2Ca2Mg3,1.5534,0.6006,32.4639,0.2857,0.0000,0.0000,perovskite,1.0000,3
179,Li2Mg2Fe3,1.5534,0.6006,32.4639,0.2857,0.0000,0.0000,perovskite,1.0000,3
180,Li2Mg3Fe2,1.5534,0.6006,32.4639,0.2857,0.0000,0.0000,perovskite,1.0000,3
181,Li2Ca2Fe3,1.5534,0.6006,32.4639,0.2857,0.0000,0.0000,perovskite,1.0000,3
182,Li2Ca3Fe2,1.5534,0.6006,32.4639,0.2857,0.0000,0.0000,perovskite,1.0000,3
183,Ca3(MgAl)2,1.5534,0.6006,32.4639,0.2857,0.0000,0.0000,perovskite,1.0000,3
184,Ca2Mg3Al2,1.5534,0.6006,32.4639,0.2857,0.0000,0.0000,perovskite,1.0000,3
185,Mg2Al2Fe3,1.5534,0.6006,32.4639,0.2857,0.0000,0.0000,perovskite,1.0000,3
186,Mg3(AlFe)2,1.5534,0.6006,32.4639,0.2857,0.0000,0.0000,perovskite,1.0000,3
187,Ca2Al2Fe3,1.5534,0.6006,32.4639,0.2857,0.0000,0.0000,perovskite,1.0000,3
188,Ca3(AlFe)2,1.5534,0.6006,32.4639,0.2857,0.0000,0.0000,perovskite,1.0000,3
189,Mg2B,1.5514,0.5992,32.3142,0.3333,0.0000,0.0420,cesiumchloride,1.0000,2
190,Fe2B,1.5514,0.5992,32.3142,0.3333,0.0000,0.0420,cesiumchloride,1.0000,2
191,Ca2B,1.5494,0.5979,32.1714,0.3333,0.0000,0.0376,cesiumchloride,1.0000,2
192,Ca3Mg2B3,1.5474,0.5965,32.0211,0.3750,0.0000,0.0719,perovskite,1.0000,3
193,Ca2(MgB)3,1.5474,0.5965,32.0211,0.3750,0.0000,0.0719,perovskite,1.0000,3
194,Mg2(FeB)3,1.5474,0.5965,32.0211,0.3750,0.0000,0.0719,perovskite,1.0000,3
195,Mg3Fe2B3,1.5474,0.5965,32.0211,0.3750,0.0000,0.0719,perovskite,1.0000,3
196,Ca2(FeB)3,1.5474,0.5965,32.0211,0.3750,0.0000,0.0719,perovskite,1.0000,3
197,Ca3Fe2B3,1.5474,0.5965,32.0211,0.3750,0.0000,0.0719,perovskite,1.0000,3
198,Fe5B,1.5434,0.6638,39.6524,0.1667,0.0000,0.0839,cesiumchloride,0.5000,2
199,Mg5B,1.5403,0.6615,39.3836,0.1667,0.0000,0.0764,cesiumchloride,0.5000,2
200,Ca5B,1.5403,0.6615,39.3836,0.1667,0.0000,0.0764,cesiumchloride,0.5000,2
201,Ca2Mg2Fe3B,1.5391,0.6606,39.2801,0.1250,0.0000,0.0255,quaternary_heusler,0.5000,4
202,Ca2Mg3Fe2B,1.5384,0.6602,39.2218,0.1250,0.0000,0.0238,quaternary_heusler,0.5000,4
203,CaMg3Fe3B,1.5382,0.6600,39.2072,0.1250,0.0000,0.0234,quaternary_heusler,0.5000,4
204,Ca3Mg3FeB,1.5376,0.6596,39.1540,0.1250,0.0000,0.0219,quaternary_heusler,0.5000,4
205,Ca3MgFe3B,1.5369,0.6591,39.0949,0.1250,0.0000,0.0203,quaternary_heusler,0.5000,4
206,Ca3Mg2Fe2B,1.5363,0.6586,39.0413,0.1250,0.0000,0.0188,quaternary_heusler,0.5000,4
207,Ca2Mg2Fe2B,1.5338,0.6569,38.8309,0.1429,0.0000,0.0337,quaternary_heusler,0.5000,4
208,CaMg3Fe2B,1.5334,0.6566,38.7974,0.1429,0.0000,0.0327,quaternary_heusler,0.5000,4
209,CaMg2Fe3B,1.5331,0.6563,38.7669,0.1429,0.0000,0.0319,quaternary_heusler,0.5000,4
210,AlFe2,1.5327,0.5866,30.9703,0.3333,0.0000,0.0000,rocksalt,1.0000,2
211,LiCaMg,1.5327,0.5866,30.9703,0.3333,0.0000,0.0000,perovskite,1.0000,3
212,Li2Ca3Mg,1.5327,0.5866,30.9703,0.3333,0.0000,0.0000,perovskite,1.0000,3
213,Li2CaMg3,1.5327,0.5866,30.9703,0.3333,0.0000,0.0000,perovskite,1.0000,3
214,LiMgFe,1.5327,0.5866,30.9703,0.3333,0.0000,0.0000,perovskite,1.0000,3
215,Li2MgFe3,1.5327,0.5866,30.9703,0.3333,0.0000,0.0000,perovskite,1.0000,3
216,Li2Mg3Fe,1.5327,0.5866,30.9703,0.3333,0.0000,0.0000,perovskite,1.0000,3
217,LiCaFe,1.5327,0.5866,30.9703,0.3333,0.0000,0.0000,perovskite,1.0000,3
218,Li2CaFe3,1.5327,0.5866,30.9703,0.3333,0.0000,0.0000,perovskite,1.0000,3
219,Li2Ca3Fe,1.5327,0.5866,30.9703,0.3333,0.0000,0.0000,perovskite,1.0000,3
220,CaMgAl,1.5327,0.5866,30.9703,0.3333,0.0000,0.0000,perovskite,1.0000,3
221,Ca3MgAl2,1.5327,0.5866,30.9703,0.3333,0.0000,0.0000,perovskite,1.0000,3
222,CaMg3Al2,1.5327,0.5866,30.9703,0.3333,0.0000,0.0000,perovskite,1.0000,3
223,MgAlFe,1.5327,0.5866,30.9703,0.3333,0.0000,0.0000,perovskite,1.0000,3
224,MgAl2Fe3,1.5327,0.5866,30.9703,0.3333,0.0000,0.0000,perovskite,1.0000,3
225,Mg3Al2Fe,1.5327,0.5866,30.9703,0.3333,0.0000,0.0000,perovskite,1.0000,3
226,CaAlFe,1.5327,0.5866,30.9703,0.3333,0.0000,0.0000,perovskite,1.0000,3
227,CaAl2Fe3,1.5327,0.5866,30.9703,0.3333,0.0000,0.0000,perovskite,1.0000,3
228,Ca3Al2Fe,1.5327,0.5866,30.9703,0.3333,0.0000,0.0000,perovskite,1.0000,3
229,Ca3Mg2B,1.5320,0.6555,38.6765,0.1667,0.0000,0.0565,inverse_perovskite,0.5000,3
230,Ca2Mg3FeB,1.5319,0.6555,38.6721,0.1429,0.0000,0.0292,quaternary_heusler,0.5000,4
231,Ca3MgFe2B,1.5317,0.6553,38.6477,0.1429,0.0000,0.0285,quaternary_heusler,0.5000,4
232,Ca3Mg2FeB,1.5317,0.6553,38.6477,0.1429,0.0000,0.0285,quaternary_heusler,0.5000,4
233,Ca2MgFe3B,1.5314,0.6551,38.6227,0.1429,0.0000,0.0278,quaternary_heusler,0.5000,4
234,Ca2Mg2FeB,1.5297,0.6539,38.4853,0.1667,0.0000,0.0511,quaternary_heusler,0.5000,4
235,Ca3MgFeB,1.5292,0.6535,38.4384,0.1667,0.0000,0.0498,layered_perovskite,0.5000,4
236,LiCa3MgFe3,1.5285,0.6530,38.3767,0.1250,0.0000,0.0000,quaternary_heusler,0.5000,4
237,LiCa2Mg2Fe3,1.5285,0.6530,38.3767,0.1250,0.0000,0.0000,quaternary_heusler,0.5000,4
238,LiCa3(MgFe)2,1.5285,0.6530,38.3767,0.1250,0.0000,0.0000,quaternary_heusler,0.5000,4
239,LiCa(MgFe)3,1.5285,0.6530,38.3767,0.1250,0.0000,0.0000,quaternary_heusler,0.5000,4
240,LiCa2Mg3Fe2,1.5285,0.6530,38.3767,0.1250,0.0000,0.0000,quaternary_heusler,0.5000,4
241,LiCa3Mg3Fe,1.5285,0.6530,38.3767,0.1250,0.0000,0.0000,quaternary_heusler,0.5000,4
242,Ca3MgAlFe3,1.5285,0.6530,38.3767,0.1250,0.0000,0.0000,quaternary_heusler,0.5000,4
243,Ca2Mg2AlFe3,1.5285,0.6530,38.3767,0.1250,0.0000,0.0000,quaternary_heusler,0.5000,4
244,Ca3Mg2AlFe2,1.5285,0.6530,38.3767,0.1250,0.0000,0.0000,quaternary_heusler,0.5000,4
245,CaMg3AlFe3,1.5285,0.6530,38.3767,0.1250,0.0000,0.0000,quaternary_heusler,0.5000,4
246,Ca2Mg3AlFe2,1.5285,0.6530,38.3767,0.1250,0.0000,0.0000,quaternary_heusler,0.5000,4
247,Ca3Mg3AlFe,1.5285,0.6530,38.3767,0.1250,0.0000,0.0000,quaternary_heusler,0.5000,4
248,LiMg5,1.5282,0.6386,36.7021,0.1667,0.0000,0.0000,rocksalt,0.6000,2
249,LiCa5,1.5282,0.6386,36.7021,0.1667,0.0000,0.0000,rocksalt,0.6000,2
250,LiFe5,1.5282,0.6386,36.7021,0.1667,0.0000,0.0000,rocksalt,0.6000,2
251,Mg5Al,1.5282,0.6386,36.7021,0.1667,0.0000,0.0000,rocksalt,0.6000,2
252,Ca5Al,1.5282,0.6386,36.7021,0.1667,0.0000,0.0000,rocksalt,0.6000,2
253,CaMg3FeB,1.5266,0.6517,38.2216,0.1667,0.0000,0.0436,layered_perovskite,0.5000,4
254,Ca2MgFe2B,1.5258,0.6511,38.1558,0.1667,0.0000,0.0417,quaternary_heusler,0.5000,4
255,CaMg2Fe2B,1.5258,0.6511,38.1558,0.1667,0.0000,0.0417,quaternary_heusler,0.5000,4
256,CaMgFe3B,1.5230,0.6491,37.9202,0.1667,0.0000,0.0350,quaternary_heusler,0.5000,4
257,LiCa2MgFe3,1.5197,0.6468,37.6458,0.1429,0.0000,0.0000,quaternary_heusler,0.5000,4
258,LiCa3MgFe2,1.5197,0.6468,37.6458,0.1429,0.0000,0.0000,quaternary_heusler,0.5000,4
259,LiCaMg2Fe3,1.5197,0.6468,37.6458,0.1429,0.0000,0.0000,quaternary_heusler,0.5000,4
260,LiCa2(MgFe)2,1.5197,0.6468,37.6458,0.1429,0.0000,0.0000,quaternary_heusler,0.5000,4
261,LiCa3Mg2Fe,1.5197,0.6468,37.6458,0.1429,0.0000,0.0000,quaternary_heusler,0.5000,4
262,LiCaMg3Fe2,1.5197,0.6468,37.6458,0.1429,0.0000,0.0000,quaternary_heusler,0.5000,4
263,LiCa2Mg3Fe,1.5197,0.6468,37.6458,0.1429,0.0000,0.0000,quaternary_heusler,0.5000,4
264,Ca2MgAlFe3,1.5197,0.6468,37.6458,0.1429,0.0000,0.0000,quaternary_heusler,0.5000,4
265,Ca3MgAlFe2,1.5197,0.6468,37.6458,0.1429,0.0000,0.0000,quaternary_heusler,0.5000,4
266,CaMg2AlFe3,1.5197,0.6468,37.6458,0.1429,0.0000,0.0000,quaternary_heusler,0.5000,4
267,Ca2Mg2AlFe2,1.5197,0.6468,37.6458,0.1429,0.0000,0.0000,quaternary_heusler,0.5000,4
268,Ca3Mg2AlFe,1.5197,0.6468,37.6458,0.1429,0.0000,0.0000,quaternary_heusler,0.5000,4
269,CaMg3AlFe2,1.5197,0.6468,37.6458,0.1429,0.0000,0.0000,quaternary_heusler,0.5000,4
270,Ca2Mg3AlFe,1.5197,0.6468,37.6458,0.1429,0.0000,0.0000,quaternary_heusler,0.5000,4
271,Fe4B,1.5182,0.6456,37.5172,0.2000,0.0000,0.0605,cesiumchloride,0.5000,2
272,Al3Fe5,1.5152,0.5749,29.7475,0.3750,0.0000,0.0000,rocksalt,1.0000,2
273,Li3Ca3Mg2,1.5152,0.5749,29.7475,0.3750,0.0000,0.0000,perovskite,1.0000,3
274,Li3Ca2Mg3,1.5152,0.5749,29.7475,0.3750,0.0000,0.0000,perovskite,1.0000,3
275,Li3Mg2Fe3,1.5152,0.5749,29.7475,0.3750,0.0000,0.0000,perovskite,1.0000,3
276,Li3Mg3Fe2,1.5152,0.5749,29.7475,0.3750,0.0000,0.0000,perovskite,1.0000,3
277,Li3Ca2Fe3,1.5152,0.5749,29.7475,0.3750,0.0000,0.0000,perovskite,1.0000,3
278,Li3Ca3Fe2,1.5152,0.5749,29.7475,0.3750,0.0000,0.0000,perovskite,1.0000,3
279,Ca3Mg2Al3,1.5152,0.5749,29.7475,0.3750,0.0000,0.0000,perovskite,1.0000,3
280,Ca2(MgAl)3,1.5152,0.5749,29.7475,0.3750,0.0000,0.0000,perovskite,1.0000,3
281,Mg2(AlFe)3,1.5152,0.5749,29.7475,0.3750,0.0000,0.0000,perovskite,1.0000,3
282,Mg3Al3Fe2,1.5152,0.5749,29.7475,0.3750,0.0000,0.0000,perovskite,1.0000,3
283,Ca2(AlFe)3,1.5152,0.5749,29.7475,0.3750,0.0000,0.0000,perovskite,1.0000,3
284,Ca3Al3Fe2,1.5152,0.5749,29.7475,0.3750,0.0000,0.0000,perovskite,1.0000,3
285,CaMg2FeB,1.5129,0.6419,37.0864,0.2000,0.0000,0.0481,quaternary_heusler,0.5000,4
286,Mg4B,1.5126,0.6417,37.0613,0.2000,0.0000,0.0474,cesiumchloride,0.5000,2
287,Ca4B,1.5126,0.6417,37.0613,0.2000,0.0000,0.0474,cesiumchloride,0.5000,2
288,LiMg4,1.5124,0.6275,35.4372,0.2000,0.0000,0.0000,rocksalt,0.6000,2
289,LiCa4,1.5124,0.6275,35.4372,0.2000,0.0000,0.0000,rocksalt,0.6000,2
290,LiFe4,1.5124,0.6275,35.4372,0.2000,0.0000,0.0000,rocksalt,0.6000,2
291,Mg4Al,1.5124,0.6275,35.4372,0.2000,0.0000,0.0000,rocksalt,0.6000,2
292,Ca4Al,1.5124,0.6275,35.4372,0.2000,0.0000,0.0000,rocksalt,0.6000,2
293,CaMgFe2B,1.5109,0.6405,36.9244,0.2000,0.0000,0.0434,quaternary_heusler,0.5000,4
294,Ca2MgFeB,1.5107,0.6404,36.9051,0.2000,0.0000,0.0429,layered_perovskite,0.5000,4
295,LiCaMgFe3,1.5082,0.6386,36.7021,0.1667,0.0000,0.0000,quaternary_heusler,0.5000,4
296,LiCa2MgFe2,1.5082,0.6386,36.7021,0.1667,0.0000,0.0000,quaternary_heusler,0.5000,4
297,LiCa3MgFe,1.5082,0.6386,36.7021,0.1667,0.0000,0.0000,quaternary_heusler,0.5000,4
298,LiCa(MgFe)2,1.5082,0.6386,36.7021,0.1667,0.0000,0.0000,quaternary_heusler,0.5000,4
299,LiCa2Mg2Fe,1.5082,0.6386,36.7021,0.1667,0.0000,0.0000,quaternary_heusler,0.5000,4
300,LiCaMg3Fe,1.5082,0.6386,36.7021,0.1667,0.0000,0.0000,quaternary_heusler,0.5000,4
301,CaMgAlFe3,1.5082,0.6386,36.7021,0.1667,0.0000,0.0000,quaternary_heusler,0.5000,4
302,Ca2MgAlFe2,1.5082,0.6386,36.7021,0.1667,0.0000,0.0000,quaternary_heusler,0.5000,4
303,Ca3MgAlFe,1.5082,0.6386,36.7021,0.1667,0.0000,0.0000,quaternary_heusler,0.5000,4
304,CaMg2AlFe2,1.5082,0.6386,36.7021,0.1667,0.0000,0.0000,quaternary_heusler,0.5000,4
305,Ca2Mg2AlFe,1.5082,0.6386,36.7021,0.1667,0.0000,0.0000,quaternary_heusler,0.5000,4
306,CaMg3AlFe,1.5082,0.6386,36.7021,0.1667,0.0000,0.0000,quaternary_heusler,0.5000,4
307,LiCaMgFe2,1.4924,0.6275,35.4372,0.2000,0.0000,0.0000,quaternary_heusler,0.5000,4
308,LiCa2MgFe,1.4924,0.6275,35.4372,0.2000,0.0000,0.0000,quaternary_heusler,0.5000,4
309,LiCaMg2Fe,1.4924,0.6275,35.4372,0.2000,0.0000,0.0000,quaternary_heusler,0.5000,4
310,CaMgAlFe2,1.4924,0.6275,35.4372,0.2000,0.0000,0.0000,quaternary_heusler,0.5000,4
311,Ca2MgAlFe,1.4924,0.6275,35.4372,0.2000,0.0000,0.0000,quaternary_heusler,0.5000,4
312,CaMg2AlFe,1.4924,0.6275,35.4372,0.2000,0.0000,0.0000,quaternary_heusler,0.5000,4
313,Fe3B,1.4894,0.6254,35.2026,0.2500,0.0000,0.0463,cesiumchloride,0.5000,2
314,LiMg3,1.4894,0.6115,33.6561,0.2500,0.0000,0.0000,rocksalt,0.6000,2
315,LiCa3,1.4894,0.6115,33.6561,0.2500,0.0000,0.0000,rocksalt,0.6000,2
316,LiFe3,1.4894,0.6115,33.6561,0.2500,0.0000,0.0000,rocksalt,0.6000,2
317,Mg3Al,1.4894,0.6115,33.6561,0.2500,0.0000,0.0000,rocksalt,0.6000,2
318,Ca3Al,1.4894,0.6115,33.6561,0.2500,0.0000,0.0000,rocksalt,0.6000,2
319,LiCaMgFe,1.4894,0.6115,33.6561,0.2500,0.0000,0.0000,quaternary_heusler,0.6000,4
320,CaMg3(FeB)2,1.4877,0.6242,35.0696,0.2500,0.0000,0.0424,quaternary_heusler,0.5000,4
321,Ca2Mg3FeB2,1.4876,0.6241,35.0570,0.2500,0.0000,0.0420,layered_perovskite,0.5000,4
322,Ca3Mg2FeB2,1.4876,0.6241,35.0554,0.2500,0.0000,0.0419,quaternary_heusler,0.5000,4
323,CaMg2Fe3B2,1.4865,0.6234,34.9740,0.2500,0.0000,0.0395,quaternary_heusler,0.5000,4
324,Ca2MgFe3B2,1.4861,0.6231,34.9442,0.2500,0.0000,0.0386,layered_perovskite,0.5000,4
325,Ca3Mg(FeB)2,1.4859,0.6230,34.9288,0.2500,0.0000,0.0382,quaternary_heusler,0.5000,4
326,Mg3B,1.4859,0.6230,34.9273,0.2500,0.0000,0.0381,cesiumchloride,0.5000,2
327,Ca3B,1.4859,0.6230,34.9273,0.2500,0.0000,0.0381,cesiumchloride,0.5000,2
328,Fe5B2,1.4831,0.6210,34.7071,0.2857,0.0000,0.0680,cesiumchloride,0.5000,2
329,CaMg2(FeB)2,1.4790,0.6181,34.3871,0.2857,0.0000,0.0584,quaternary_heusler,0.5000,4
330,LiMg3Fe3B,1.4784,0.6177,34.3423,0.2500,0.0000,0.0207,quaternary_heusler,0.5000,4
331,LiCa3Mg3B,1.4784,0.6177,34.3406,0.2500,0.0000,0.0206,quaternary_heusler,0.5000,4
332,Ca2Mg2FeB2,1.4781,0.6175,34.3168,0.2857,0.0000,0.0563,quaternary_heusler,0.5000,4
333,Mg3AlFe3B,1.4780,0.6175,34.3131,0.2500,0.0000,0.0198,quaternary_heusler,0.5000,4
334,Ca3Mg3AlB,1.4778,0.6173,34.2983,0.2500,0.0000,0.0194,quaternary_heusler,0.5000,4
335,LiCa3Fe3B,1.4776,0.6172,34.2854,0.2500,0.0000,0.0190,quaternary_heusler,0.5000,4
336,Ca3AlFe3B,1.4776,0.6172,34.2788,0.2500,0.0000,0.0188,quaternary_heusler,0.5000,4
337,CaMg3FeB2,1.4771,0.6168,34.2401,0.2857,0.0000,0.0540,quaternary_heusler,0.5000,4
338,Mg5B2,1.4770,0.6168,34.2364,0.2857,0.0000,0.0539,cesiumchloride,0.5000,2
339,Ca5B2,1.4752,0.6155,34.0974,0.2857,0.0000,0.0498,cesiumchloride,0.5000,2
340,Ca2Mg(FeB)2,1.4747,0.6152,34.0607,0.2857,0.0000,0.0486,quaternary_heusler,0.5000,4
341,Ca3MgFeB2,1.4741,0.6148,34.0136,0.2857,0.0000,0.0472,quaternary_heusler,0.5000,4
342,Li2Mg5,1.4734,0.6006,32.4639,0.2857,0.0000,0.0000,rocksalt,0.6000,2
343,Li2Ca5,1.4734,0.6006,32.4639,0.2857,0.0000,0.0000,rocksalt,0.6000,2
344,Li2Fe5,1.4734,0.6006,32.4639,0.2857,0.0000,0.0000,rocksalt,0.6000,2
345,Mg5Al2,1.4734,0.6006,32.4639,0.2857,0.0000,0.0000,rocksalt,0.6000,2
346,Ca5Al2,1.4734,0.6006,32.4639,0.2857,0.0000,0.0000,rocksalt,0.6000,2
347,CaMgFe3B2,1.4731,0.6140,33.9335,0.2857,0.0000,0.0448,quaternary_heusler,0.5000,4
348,LiCa3Mg3Al,1.4694,0.6115,33.6561,0.2500,0.0000,0.0000,quaternary_heusler,0.5000,4
349,LiMg3AlFe3,1.4694,0.6115,33.6561,0.2500,0.0000,0.0000,quaternary_heusler,0.5000,4
350,Li2Ca2MgFe3,1.4694,0.6115,33.6561,0.2500,0.0000,0.0000,quaternary_heusler,0.5000,4
351,Li2Ca3MgFe2,1.4694,0.6115,33.6561,0.2500,0.0000,0.0000,quaternary_heusler,0.5000,4
352,Li2CaMg2Fe3,1.4694,0.6115,33.6561,0.2500,0.0000,0.0000,quaternary_heusler,0.5000,4
353,Li2Ca3Mg2Fe,1.4694,0.6115,33.6561,0.2500,0.0000,0.0000,quaternary_heusler,0.5000,4
354,Li2CaMg3Fe2,1.4694,0.6115,33.6561,0.2500,0.0000,0.0000,quaternary_heusler,0.5000,4
355,Li2Ca2Mg3Fe,1.4694,0.6115,33.6561,0.2500,0.0000,0.0000,quaternary_heusler,0.5000,4
356,LiCa3AlFe3,1.4694,0.6115,33.6561,0.2500,0.0000,0.0000,quaternary_heusler,0.5000,4
357,Ca2MgAl2Fe3,1.4694,0.6115,33.6561,0.2500,0.0000,0.0000,quaternary_heusler,0.5000,4
358,Ca3Mg(AlFe)2,1.4694,0.6115,33.6561,0.2500,0.0000,0.0000,quaternary_heusler,0.5000,4
359,CaMg2Al2Fe3,1.4694,0.6115,33.6561,0.2500,0.0000,0.0000,quaternary_heusler,0.5000,4
360,Ca3Mg2Al2Fe,1.4694,0.6115,33.6561,0.2500,0.0000,0.0000,quaternary_heusler,0.5000,4
361,CaMg3(AlFe)2,1.4694,0.6115,33.6561,0.2500,0.0000,0.0000,quaternary_heusler,0.5000,4
362,Ca2Mg3Al2Fe,1.4694,0.6115,33.6561,0.2500,0.0000,0.0000,quaternary_heusler,0.5000,4
363,Ca3MgB2,1.4680,0.6105,33.5476,0.3333,0.0000,0.0797,inverse_perovskite,0.5000,3
364,LiMg3Fe2B,1.4659,0.6091,33.3904,0.2857,0.0000,0.0284,quaternary_heusler,0.5000,4
365,LiMg2Fe3B,1.4656,0.6089,33.3659,0.2857,0.0000,0.0276,quaternary_heusler,0.5000,4
366,Ca2Mg3AlB,1.4645,0.6082,33.2896,0.2857,0.0000,0.0253,quaternary_heusler,0.5000,4
367,Mg2AlFe3B,1.4645,0.6082,33.2896,0.2857,0.0000,0.0253,quaternary_heusler,0.5000,4
368,Ca3Mg2AlB,1.4643,0.6080,33.2700,0.2857,0.0000,0.0247,quaternary_heusler,0.5000,4
369,Ca3AlFe2B,1.4643,0.6080,33.2700,0.2857,0.0000,0.0247,quaternary_heusler,0.5000,4
370,LiCa2Fe3B,1.4640,0.6078,33.2499,0.2857,0.0000,0.0241,quaternary_heusler,0.5000,4
371,Ca2AlFe3B,1.4637,0.6076,33.2226,0.2857,0.0000,0.0233,layered_perovskite,0.5000,4
372,LiCa2Mg3B,1.4636,0.6075,33.2182,0.2857,0.0000,0.0231,quaternary_heusler,0.5000,4
373,Mg3AlFe2B,1.4636,0.6075,33.2182,0.2857,0.0000,0.0231,quaternary_heusler,0.5000,4
374,LiCa3Mg2B,1.4636,0.6075,33.2155,0.2857,0.0000,0.0230,quaternary_heusler,0.5000,4
375,LiCa3Fe2B,1.4636,0.6075,33.2155,0.2857,0.0000,0.0230,quaternary_heusler,0.5000,4
376,CaMg2FeB2,1.4632,0.6073,33.1921,0.3333,0.0000,0.0689,quaternary_heusler,0.5000,4
377,Ca2MgFeB2,1.4619,0.6064,33.0932,0.3333,0.0000,0.0659,layered_perovskite,0.5000,4
378,LiCa3MgB,1.4594,0.6046,32.9040,0.3333,0.0000,0.0601,layered_perovskite,0.5000,4
379,CaMg(FeB)2,1.4574,0.6033,32.7543,0.3333,0.0000,0.0555,quaternary_heusler,0.5000,4
380,LiCa3Mg2Al,1.4534,0.6006,32.4639,0.2857,0.0000,0.0000,quaternary_heusler,0.5000,4
381,LiCa2Mg3Al,1.4534,0.6006,32.4639,0.2857,0.0000,0.0000,quaternary_heusler,0.5000,4
382,LiMg2AlFe3,1.4534,0.6006,32.4639,0.2857,0.0000,0.0000,quaternary_heusler,0.5000,4
383,LiMg3AlFe2,1.4534,0.6006,32.4639,0.2857,0.0000,0.0000,quaternary_heusler,0.5000,4
384,Li2CaMgFe3,1.4534,0.6006,32.4639,0.2857,0.0000,0.0000,quaternary_heusler,0.5000,4
385,Li2Ca2MgFe2,1.4534,0.6006,32.4639,0.2857,0.0000,0.0000,quaternary_heusler,0.5000,4
386,Li2Ca3MgFe,1.4534,0.6006,32.4639,0.2857,0.0000,0.0000,quaternary_heusler,0.5000,4
387,Li2Ca(MgFe)2,1.4534,0.6006,32.4639,0.2857,0.0000,0.0000,quaternary_heusler,0.5000,4
388,Li2Ca2Mg2Fe,1.4534,0.6006,32.4639,0.2857,0.0000,0.0000,quaternary_heusler,0.5000,4
389,Li2CaMg3Fe,1.4534,0.6006,32.4639,0.2857,0.0000,0.0000,quaternary_heusler,0.5000,4
390,LiCa2AlFe3,1.4534,0.6006,32.4639,0.2857,0.0000,0.0000,quaternary_heusler,0.5000,4
391,LiCa3AlFe2,1.4534,0.6006,32.4639,0.2857,0.0000,0.0000,quaternary_heusler,0.5000,4
392,CaMgAl2Fe3,1.4534,0.6006,32.4639,0.2857,0.0000,0.0000,quaternary_heusler,0.5000,4
393,Ca2Mg(AlFe)2,1.4534,0.6006,32.4639,0.2857,0.0000,0.0000,quaternary_heusler,0.5000,4
394,Ca3MgAl2Fe,1.4534,0.6006,32.4639,0.2857,0.0000,0.0000,quaternary_heusler,0.5000,4
395,CaMg2(AlFe)2,1.4534,0.6006,32.4639,0.2857,0.0000,0.0000,quaternary_heusler,0.5000,4
396,Ca2Mg2Al2Fe,1.4534,0.6006,32.4639,0.2857,0.0000,0.0000,quaternary_heusler,0.5000,4
397,CaMg3Al2Fe,1.4534,0.6006,32.4639,0.2857,0.0000,0.0000,quaternary_heusler,0.5000,4
398,LiMg2,1.4527,0.5866,30.9703,0.3333,0.0000,0.0000,rocksalt,0.6000,2
399,LiCa2,1.4527,0.5866,30.9703,0.3333,0.0000,0.0000,rocksalt,0.6000,2
400,LiFe2,1.4527,0.5866,30.9703,0.3333,0.0000,0.0000,rocksalt,0.6000,2
401,Mg2Al,1.4527,0.5866,30.9703,0.3333,0.0000,0.0000,rocksalt,0.6000,2
402,Ca2Al,1.4527,0.5866,30.9703,0.3333,0.0000,0.0000,rocksalt,0.6000,2
403,Ca2Mg2AlB,1.4520,0.5996,32.3556,0.3333,0.0000,0.0433,quaternary_heusler,0.5000,4
404,CaMg3AlB,1.4520,0.5996,32.3556,0.3333,0.0000,0.0433,quaternary_heusler,0.5000,4
405,LiCa2Mg2B,1.4515,0.5993,32.3192,0.3333,0.0000,0.0421,layered_perovskite,0.5000,4
406,Ca3MgAlB,1.4515,0.5993,32.3192,0.3333,0.0000,0.0421,layered_perovskite,0.5000,4
407,Mg3AlFeB,1.4515,0.5993,32.3192,0.3333,0.0000,0.0421,layered_perovskite,0.5000,4
408,Ca3AlFeB,1.4515,0.5993,32.3192,0.3333,0.0000,0.0421,layered_perovskite,0.5000,4
409,LiCa3FeB,1.4502,0.5984,32.2246,0.3333,0.0000,0.0392,layered_perovskite,0.5000,4
410,Mg2AlFe2B,1.4500,0.5982,32.2083,0.3333,0.0000,0.0387,quaternary_heusler,0.5000,4
411,LiMg3FeB,1.4492,0.5977,32.1509,0.3333,0.0000,0.0369,layered_perovskite,0.5000,4
412,LiCa2Fe2B,1.4486,0.5973,32.1118,0.3333,0.0000,0.0357,quaternary_heusler,0.5000,4
413,LiMg2Fe2B,1.4485,0.5972,32.0999,0.3333,0.0000,0.0353,quaternary_heusler,0.5000,4
414,LiCaMg3B,1.4479,0.5969,32.0616,0.3333,0.0000,0.0342,quaternary_heusler,0.5000,4
415,Ca2Mg2FeB3,1.4463,0.5957,31.9399,0.3750,0.0000,0.0694,quaternary_heusler,0.5000,4
416,LiMgFe3B,1.4460,0.5955,31.9169,0.3333,0.0000,0.0297,quaternary_heusler,0.5000,4
417,MgAlFe3B,1.4460,0.5955,31.9169,0.3333,0.0000,0.0297,quaternary_heusler,0.5000,4
418,CaAlFe3B,1.4460,0.5955,31.9169,0.3333,0.0000,0.0297,quaternary_heusler,0.5000,4
419,LiCaFe3B,1.4458,0.5954,31.9079,0.3333,0.0000,0.0294,quaternary_heusler,0.5000,4
420,Ca2AlFe2B,1.4447,0.5947,31.8252,0.3333,0.0000,0.0268,layered_perovskite,0.5000,4
421,CaMg2Fe2B3,1.4420,0.5929,31.6340,0.3750,0.0000,0.0598,quaternary_heusler,0.5000,4
422,Fe5B3,1.4419,0.5928,31.6251,0.3750,0.0000,0.0596,cesiumchloride,0.5000,2
423,Ca3MgFeB3,1.4419,0.5928,31.6251,0.3750,0.0000,0.0596,quaternary_heusler,0.5000,4
424,Ca2MgFe2B3,1.4403,0.5917,31.5110,0.3750,0.0000,0.0560,quaternary_heusler,0.5000,4
425,Mg5B3,1.4391,0.5909,31.4239,0.3750,0.0000,0.0533,cesiumchloride,0.5000,2
426,CaMg3FeB3,1.4389,0.5908,31.4093,0.3750,0.0000,0.0528,quaternary_heusler,0.5000,4
427,CaMg(FeB)3,1.4382,0.5903,31.3588,0.3750,0.0000,0.0512,quaternary_heusler,0.5000,4
428,Li3Mg5,1.4352,0.5749,29.7475,0.3750,0.0000,0.0000,rocksalt,0.6000,2
429,Li3Ca5,1.4352,0.5749,29.7475,0.3750,0.0000,0.0000,rocksalt,0.6000,2
430,Li3Fe5,1.4352,0.5749,29.7475,0.3750,0.0000,0.0000,rocksalt,0.6000,2
431,Mg5Al3,1.4352,0.5749,29.7475,0.3750,0.0000,0.0000,rocksalt,0.6000,2
432,Ca5Al3,1.4352,0.5749,29.7475,0.3750,0.0000,0.0000,rocksalt,0.6000,2
433,Ca5B3,1.4331,0.5869,30.9978,0.3750,0.0000,0.0399,cesiumchloride,0.5000,2
434,LiCa3MgAl,1.4327,0.5866,30.9703,0.3333,0.0000,0.0000,quaternary_heusler,0.5000,4
435,LiCa2Mg2Al,1.4327,0.5866,30.9703,0.3333,0.0000,0.0000,quaternary_heusler,0.5000,4
436,LiCaMg3Al,1.4327,0.5866,30.9703,0.3333,0.0000,0.0000,quaternary_heusler,0.5000,4
437,LiMgAlFe3,1.4327,0.5866,30.9703,0.3333,0.0000,0.0000,quaternary_heusler,0.5000,4
438,LiMg2AlFe2,1.4327,0.5866,30.9703,0.3333,0.0000,0.0000,quaternary_heusler,0.5000,4
439,LiMg3AlFe,1.4327,0.5866,30.9703,0.3333,0.0000,0.0000,quaternary_heusler,0.5000,4
440,Li2CaMgFe2,1.4327,0.5866,30.9703,0.3333,0.0000,0.0000,quaternary_heusler,0.5000,4
441,Li2Ca2MgFe,1.4327,0.5866,30.9703,0.3333,0.0000,0.0000,quaternary_heusler,0.5000,4
442,Li2CaMg2Fe,1.4327,0.5866,30.9703,0.3333,0.0000,0.0000,quaternary_heusler,0.5000,4
443,LiCaAlFe3,1.4327,0.5866,30.9703,0.3333,0.0000,0.0000,quaternary_heusler,0.5000,4
444,LiCa2AlFe2,1.4327,0.5866,30.9703,0.3333,0.0000,0.0000,quaternary_heusler,0.5000,4
445,LiCa3AlFe,1.4327,0.5866,30.9703,0.3333,0.0000,0.0000,quaternary_heusler,0.5000,4
446,CaMg(AlFe)2,1.4327,0.5866,30.9703,0.3333,0.0000,0.0000,quaternary_heusler,0.5000,4
447,Ca2MgAl2Fe,1.4327,0.5866,30.9703,0.3333,0.0000,0.0000,quaternary_heusler,0.5000,4
448,CaMg2Al2Fe,1.4327,0.5866,30.9703,0.3333,0.0000,0.0000,quaternary_heusler,0.5000,4
449,LiMg3(FeB)2,1.4320,0.5861,30.9195,0.3750,0.0000,0.0374,quaternary_heusler,0.5000,4
450,LiMg2Fe3B2,1.4319,0.5860,30.9090,0.3750,0.0000,0.0371,layered_perovskite,0.5000,4
451,Ca2Mg3AlB2,1.4319,0.5860,30.9090,0.3750,0.0000,0.0371,quaternary_heusler,0.5000,4
452,Mg3Al(FeB)2,1.4319,0.5860,30.9077,0.3750,0.0000,0.0370,quaternary_heusler,0.5000,4
453,LiCa2Mg3B2,1.4308,0.5853,30.8347,0.3750,0.0000,0.0347,quaternary_heusler,0.5000,4
454,Ca3Mg2AlB2,1.4308,0.5853,30.8347,0.3750,0.0000,0.0347,quaternary_heusler,0.5000,4
455,Mg2AlFe3B2,1.4306,0.5851,30.8156,0.3750,0.0000,0.0341,quaternary_heusler,0.5000,4
456,Ca2AlFe3B2,1.4306,0.5851,30.8156,0.3750,0.0000,0.0341,layered_perovskite,0.5000,4
457,LiCa3(MgB)2,1.4305,0.5851,30.8147,0.3750,0.0000,0.0341,quaternary_heusler,0.5000,4
458,LiCa3(FeB)2,1.4305,0.5851,30.8147,0.3750,0.0000,0.0341,quaternary_heusler,0.5000,4
459,Ca3Al(FeB)2,1.4304,0.5850,30.8028,0.3750,0.0000,0.0337,quaternary_heusler,0.5000,4
460,LiCa2Fe3B2,1.4299,0.5847,30.7702,0.3750,0.0000,0.0327,quaternary_heusler,0.5000,4
461,Mg2Al2Fe3B,1.4253,0.5817,30.4495,0.3750,0.0000,0.0225,quaternary_heusler,0.5000,4
462,Ca2Al2Fe3B,1.4253,0.5817,30.4495,0.3750,0.0000,0.0225,quaternary_heusler,0.5000,4
463,Li2Mg3,1.4249,0.5681,29.0493,0.4000,0.0000,0.0000,rocksalt,0.6000,2
464,Li2Ca3,1.4249,0.5681,29.0493,0.4000,0.0000,0.0000,rocksalt,0.6000,2
465,Li2Fe3,1.4249,0.5681,29.0493,0.4000,0.0000,0.0000,rocksalt,0.6000,2
466,Mg3Al2,1.4249,0.5681,29.0493,0.4000,0.0000,0.0000,rocksalt,0.6000,2
467,Li2Ca3Mg2B,1.4243,0.5810,30.3793,0.3750,0.0000,0.0202,quaternary_heusler,0.5000,4
468,Li2Ca3Fe2B,1.4243,0.5810,30.3793,0.3750,0.0000,0.0202,quaternary_heusler,0.5000,4
469,Li2Mg3Fe2B,1.4242,0.5809,30.3683,0.3750,0.0000,0.0199,quaternary_heusler,0.5000,4
470,Li2Ca2Mg3B,1.4242,0.5809,30.3678,0.3750,0.0000,0.0199,quaternary_heusler,0.5000,4
471,Li2Mg2Fe3B,1.4242,0.5809,30.3666,0.3750,0.0000,0.0198,quaternary_heusler,0.5000,4
472,Ca2Mg3Al2B,1.4241,0.5808,30.3602,0.3750,0.0000,0.0196,quaternary_heusler,0.5000,4
473,Mg3Al2Fe2B,1.4238,0.5806,30.3433,0.3750,0.0000,0.0191,quaternary_heusler,0.5000,4
474,Ca3Al2Fe2B,1.4233,0.5803,30.3091,0.3750,0.0000,0.0180,quaternary_heusler,0.5000,4
475,Ca3Mg2Al2B,1.4227,0.5799,30.2640,0.3750,0.0000,0.0166,quaternary_heusler,0.5000,4
476,Li2Ca2Fe3B,1.4221,0.5795,30.2247,0.3750,0.0000,0.0153,quaternary_heusler,0.5000,4
477,LiCa3(MgAl)2,1.4152,0.5749,29.7475,0.3750,0.0000,0.0000,quaternary_heusler,0.5000,4
478,LiCa2Mg3Al2,1.4152,0.5749,29.7475,0.3750,0.0000,0.0000,quaternary_heusler,0.5000,4
479,Li2Ca3Mg2Al,1.4152,0.5749,29.7475,0.3750,0.0000,0.0000,quaternary_heusler,0.5000,4
480,Li2Ca2Mg3Al,1.4152,0.5749,29.7475,0.3750,0.0000,0.0000,quaternary_heusler,0.5000,4
481,LiMg2Al2Fe3,1.4152,0.5749,29.7475,0.3750,0.0000,0.0000,quaternary_heusler,0.5000,4
482,LiMg3(AlFe)2,1.4152,0.5749,29.7475,0.3750,0.0000,0.0000,quaternary_heusler,0.5000,4
483,Li2Mg2AlFe3,1.4152,0.5749,29.7475,0.3750,0.0000,0.0000,quaternary_heusler,0.5000,4
484,Li2Mg3AlFe2,1.4152,0.5749,29.7475,0.3750,0.0000,0.0000,quaternary_heusler,0.5000,4
485,Li3CaMgFe3,1.4152,0.5749,29.7475,0.3750,0.0000,0.0000,quaternary_heusler,0.5000,4
486,Li3Ca2MgFe2,1.4152,0.5749,29.7475,0.3750,0.0000,0.0000,quaternary_heusler,0.5000,4
487,Li3Ca3MgFe,1.4152,0.5749,29.7475,0.3750,0.0000,0.0000,quaternary_heusler,0.5000,4
488,Li3Ca(MgFe)2,1.4152,0.5749,29.7475,0.3750,0.0000,0.0000,quaternary_heusler,0.5000,4
489,Li3Ca2Mg2Fe,1.4152,0.5749,29.7475,0.3750,0.0000,0.0000,quaternary_heusler,0.5000,4
490,Li3CaMg3Fe,1.4152,0.5749,29.7475,0.3750,0.0000,0.0000,quaternary_heusler,0.5000,4
491,LiCa2Al2Fe3,1.4152,0.5749,29.7475,0.3750,0.0000,0.0000,quaternary_heusler,0.5000,4
492,LiCa3(AlFe)2,1.4152,0.5749,29.7475,0.3750,0.0000,0.0000,quaternary_heusler,0.5000,4
493,Li2Ca2AlFe3,1.4152,0.5749,29.7475,0.3750,0.0000,0.0000,quaternary_heusler,0.5000,4
494,Li2Ca3AlFe2,1.4152,0.5749,29.7475,0.3750,0.0000,0.0000,quaternary_heusler,0.5000,4
495,CaMg(AlFe)3,1.4152,0.5749,29.7475,0.3750,0.0000,0.0000,quaternary_heusler,0.5000,4
496,Ca2MgAl3Fe2,1.4152,0.5749,29.7475,0.3750,0.0000,0.0000,quaternary_heusler,0.5000,4
497,Ca3MgAl3Fe,1.4152,0.5749,29.7475,0.3750,0.0000,0.0000,quaternary_heusler,0.5000,4
498,CaMg2Al3Fe2,1.4152,0.5749,29.7475,0.3750,0.0000,0.0000,quaternary_heusler,0.5000,4
499,Ca2Mg2Al3Fe,1.4152,0.5749,29.7475,0.3750,0.0000,0.0000,quaternary_heusler,0.5000,4
500,CaMg3Al3Fe,1.4152,0.5749,29.7475,0.3750,0.0000,0.0000,quaternary_heusler,0.5000,4
